"","Studentnummer","Periode","Uitval"
"1","4000039","Geen leenstelsel","Geen uitval"
"2","4000618","Geen leenstelsel","Uitval"
"3","4000720","Geen leenstelsel","Uitval"
"4","4000859","Geen leenstelsel","Geen uitval"
"5","4001662","Geen leenstelsel","Geen uitval"
"6","4001817","Geen leenstelsel","Uitval"
"7","4001982","Geen leenstelsel","Geen uitval"
"8","4002078","Geen leenstelsel","Uitval"
"9","4002266","Geen leenstelsel","Geen uitval"
"10","4002601","Geen leenstelsel","Uitval"
"11","4002832","Geen leenstelsel","Geen uitval"
"12","4003038","Geen leenstelsel","Uitval"
"13","4003327","Geen leenstelsel","Geen uitval"
"14","4003438","Geen leenstelsel","Geen uitval"
"15","4003862","Geen leenstelsel","Uitval"
"16","4003872","Geen leenstelsel","Geen uitval"
"17","4004124","Geen leenstelsel","Uitval"
"18","4004357","Geen leenstelsel","Uitval"
"19","4004668","Geen leenstelsel","Uitval"
"20","4005100","Geen leenstelsel","Geen uitval"
"21","4006216","Geen leenstelsel","Geen uitval"
"22","4006518","Geen leenstelsel","Geen uitval"
"23","4006695","Geen leenstelsel","Uitval"
"24","4006761","Geen leenstelsel","Uitval"
"25","4007130","Geen leenstelsel","Uitval"
"26","4007385","Geen leenstelsel","Geen uitval"
"27","4007386","Geen leenstelsel","Geen uitval"
"28","4007472","Geen leenstelsel","Geen uitval"
"29","4007559","Geen leenstelsel","Geen uitval"
"30","4007932","Geen leenstelsel","Geen uitval"
"31","4008100","Geen leenstelsel","Geen uitval"
"32","4008789","Geen leenstelsel","Uitval"
"33","4009100","Geen leenstelsel","Uitval"
"34","4009391","Geen leenstelsel","Geen uitval"
"35","4009427","Geen leenstelsel","Geen uitval"
"36","4009689","Geen leenstelsel","Geen uitval"
"37","4009889","Geen leenstelsel","Geen uitval"
"38","4010580","Geen leenstelsel","Geen uitval"
"39","4010687","Geen leenstelsel","Uitval"
"40","4010764","Geen leenstelsel","Geen uitval"
"41","4011055","Geen leenstelsel","Geen uitval"
"42","4011095","Geen leenstelsel","Geen uitval"
"43","4011259","Geen leenstelsel","Geen uitval"
"44","4011809","Geen leenstelsel","Geen uitval"
"45","4011919","Geen leenstelsel","Geen uitval"
"46","4012203","Geen leenstelsel","Geen uitval"
"47","4013174","Geen leenstelsel","Geen uitval"
"48","4013283","Geen leenstelsel","Uitval"
"49","4013718","Geen leenstelsel","Geen uitval"
"50","4013823","Geen leenstelsel","Uitval"
"51","4013881","Geen leenstelsel","Uitval"
"52","4013902","Geen leenstelsel","Uitval"
"53","4015070","Geen leenstelsel","Geen uitval"
"54","4015268","Geen leenstelsel","Uitval"
"55","4015922","Geen leenstelsel","Uitval"
"56","4015982","Geen leenstelsel","Geen uitval"
"57","4017086","Geen leenstelsel","Geen uitval"
"58","4017658","Geen leenstelsel","Geen uitval"
"59","4017818","Geen leenstelsel","Geen uitval"
"60","4017950","Geen leenstelsel","Uitval"
"61","4018143","Geen leenstelsel","Geen uitval"
"62","4018333","Geen leenstelsel","Geen uitval"
"63","4018381","Geen leenstelsel","Geen uitval"
"64","4018934","Geen leenstelsel","Geen uitval"
"65","4018983","Geen leenstelsel","Geen uitval"
"66","4019317","Geen leenstelsel","Geen uitval"
"67","4019509","Geen leenstelsel","Uitval"
"68","4019673","Geen leenstelsel","Uitval"
"69","4019771","Geen leenstelsel","Geen uitval"
"70","4019973","Geen leenstelsel","Uitval"
"71","4020273","Geen leenstelsel","Geen uitval"
"72","4020420","Geen leenstelsel","Geen uitval"
"73","4020890","Geen leenstelsel","Geen uitval"
"74","4021015","Geen leenstelsel","Geen uitval"
"75","4021059","Geen leenstelsel","Uitval"
"76","4021235","Geen leenstelsel","Uitval"
"77","4021874","Geen leenstelsel","Uitval"
"78","4022118","Geen leenstelsel","Uitval"
"79","4022444","Geen leenstelsel","Uitval"
"80","4022550","Geen leenstelsel","Uitval"
"81","4022966","Geen leenstelsel","Geen uitval"
"82","4023232","Geen leenstelsel","Geen uitval"
"83","4023261","Geen leenstelsel","Geen uitval"
"84","4023366","Geen leenstelsel","Geen uitval"
"85","4023834","Geen leenstelsel","Uitval"
"86","4023835","Geen leenstelsel","Geen uitval"
"87","4023927","Geen leenstelsel","Uitval"
"88","4023996","Geen leenstelsel","Uitval"
"89","4024387","Geen leenstelsel","Geen uitval"
"90","4024810","Geen leenstelsel","Geen uitval"
"91","4025065","Geen leenstelsel","Geen uitval"
"92","4025172","Geen leenstelsel","Geen uitval"
"93","4025185","Geen leenstelsel","Geen uitval"
"94","4025247","Geen leenstelsel","Geen uitval"
"95","4025304","Geen leenstelsel","Geen uitval"
"96","4025369","Geen leenstelsel","Geen uitval"
"97","4025392","Geen leenstelsel","Geen uitval"
"98","4026007","Geen leenstelsel","Geen uitval"
"99","4026432","Geen leenstelsel","Geen uitval"
"100","4026543","Geen leenstelsel","Uitval"
"101","4026569","Geen leenstelsel","Geen uitval"
"102","4026592","Geen leenstelsel","Uitval"
"103","4026720","Geen leenstelsel","Uitval"
"104","4026945","Geen leenstelsel","Geen uitval"
"105","4027074","Geen leenstelsel","Uitval"
"106","4027095","Geen leenstelsel","Uitval"
"107","4027218","Geen leenstelsel","Uitval"
"108","4027247","Geen leenstelsel","Uitval"
"109","4027415","Geen leenstelsel","Uitval"
"110","4027539","Geen leenstelsel","Geen uitval"
"111","4027631","Geen leenstelsel","Geen uitval"
"112","4027725","Geen leenstelsel","Geen uitval"
"113","4027959","Geen leenstelsel","Geen uitval"
"114","4028080","Geen leenstelsel","Uitval"
"115","4028453","Geen leenstelsel","Geen uitval"
"116","4028815","Geen leenstelsel","Uitval"
"117","4028977","Geen leenstelsel","Geen uitval"
"118","4029175","Geen leenstelsel","Geen uitval"
"119","4029304","Geen leenstelsel","Geen uitval"
"120","4029784","Geen leenstelsel","Uitval"
"121","4030301","Geen leenstelsel","Geen uitval"
"122","4030612","Geen leenstelsel","Uitval"
"123","4030810","Geen leenstelsel","Geen uitval"
"124","4031029","Geen leenstelsel","Uitval"
"125","4031318","Geen leenstelsel","Uitval"
"126","4032440","Geen leenstelsel","Geen uitval"
"127","4033153","Geen leenstelsel","Geen uitval"
"128","4033488","Geen leenstelsel","Uitval"
"129","4033621","Geen leenstelsel","Geen uitval"
"130","4033789","Geen leenstelsel","Geen uitval"
"131","4034473","Geen leenstelsel","Geen uitval"
"132","4035063","Geen leenstelsel","Uitval"
"133","4035539","Geen leenstelsel","Uitval"
"134","4035608","Geen leenstelsel","Geen uitval"
"135","4036498","Geen leenstelsel","Uitval"
"136","4037397","Geen leenstelsel","Uitval"
"137","4038035","Geen leenstelsel","Uitval"
"138","4038895","Geen leenstelsel","Geen uitval"
"139","4039240","Geen leenstelsel","Geen uitval"
"140","4039247","Geen leenstelsel","Uitval"
"141","4039557","Geen leenstelsel","Geen uitval"
"142","4039881","Geen leenstelsel","Uitval"
"143","4040077","Geen leenstelsel","Geen uitval"
"144","4040231","Geen leenstelsel","Uitval"
"145","4040333","Geen leenstelsel","Geen uitval"
"146","4040335","Geen leenstelsel","Uitval"
"147","4040976","Geen leenstelsel","Geen uitval"
"148","4041297","Geen leenstelsel","Uitval"
"149","4041607","Geen leenstelsel","Geen uitval"
"150","4041950","Geen leenstelsel","Uitval"
"151","4042212","Geen leenstelsel","Uitval"
"152","4042657","Geen leenstelsel","Geen uitval"
"153","4042977","Geen leenstelsel","Uitval"
"154","4043781","Geen leenstelsel","Geen uitval"
"155","4043824","Geen leenstelsel","Geen uitval"
"156","4044289","Geen leenstelsel","Geen uitval"
"157","4044326","Geen leenstelsel","Geen uitval"
"158","4044379","Geen leenstelsel","Uitval"
"159","4044774","Geen leenstelsel","Geen uitval"
"160","4045398","Geen leenstelsel","Geen uitval"
"161","4045657","Geen leenstelsel","Geen uitval"
"162","4046185","Geen leenstelsel","Geen uitval"
"163","4046740","Geen leenstelsel","Geen uitval"
"164","4046773","Geen leenstelsel","Uitval"
"165","4047111","Geen leenstelsel","Uitval"
"166","4047931","Geen leenstelsel","Uitval"
"167","4049049","Geen leenstelsel","Geen uitval"
"168","4049431","Geen leenstelsel","Geen uitval"
"169","4049460","Geen leenstelsel","Uitval"
"170","4049761","Geen leenstelsel","Uitval"
"171","4050572","Geen leenstelsel","Geen uitval"
"172","4050910","Geen leenstelsel","Uitval"
"173","4051612","Geen leenstelsel","Geen uitval"
"174","4051723","Geen leenstelsel","Uitval"
"175","4051995","Geen leenstelsel","Uitval"
"176","4052616","Geen leenstelsel","Uitval"
"177","4052830","Geen leenstelsel","Geen uitval"
"178","4053317","Geen leenstelsel","Geen uitval"
"179","4054181","Geen leenstelsel","Uitval"
"180","4054442","Geen leenstelsel","Geen uitval"
"181","4055015","Geen leenstelsel","Uitval"
"182","4055083","Geen leenstelsel","Geen uitval"
"183","4055244","Geen leenstelsel","Geen uitval"
"184","4055398","Geen leenstelsel","Geen uitval"
"185","4055967","Geen leenstelsel","Geen uitval"
"186","4056427","Geen leenstelsel","Geen uitval"
"187","4056561","Geen leenstelsel","Geen uitval"
"188","4056590","Geen leenstelsel","Geen uitval"
"189","4056658","Geen leenstelsel","Uitval"
"190","4056960","Geen leenstelsel","Uitval"
"191","4057065","Geen leenstelsel","Geen uitval"
"192","4057297","Geen leenstelsel","Geen uitval"
"193","4057298","Geen leenstelsel","Uitval"
"194","4057558","Geen leenstelsel","Uitval"
"195","4057634","Geen leenstelsel","Geen uitval"
"196","4057712","Geen leenstelsel","Geen uitval"
"197","4057718","Geen leenstelsel","Uitval"
"198","4057805","Geen leenstelsel","Geen uitval"
"199","4058353","Geen leenstelsel","Uitval"
"200","4058504","Geen leenstelsel","Geen uitval"
"201","4058592","Geen leenstelsel","Uitval"
"202","4058660","Geen leenstelsel","Geen uitval"
"203","4058683","Geen leenstelsel","Uitval"
"204","4058802","Geen leenstelsel","Geen uitval"
"205","4058918","Geen leenstelsel","Geen uitval"
"206","4059123","Geen leenstelsel","Geen uitval"
"207","4059874","Geen leenstelsel","Geen uitval"
"208","4060015","Geen leenstelsel","Geen uitval"
"209","4061139","Geen leenstelsel","Uitval"
"210","4061564","Geen leenstelsel","Uitval"
"211","4061601","Geen leenstelsel","Uitval"
"212","4061797","Geen leenstelsel","Geen uitval"
"213","4062107","Geen leenstelsel","Geen uitval"
"214","4062710","Geen leenstelsel","Geen uitval"
"215","4062912","Geen leenstelsel","Geen uitval"
"216","4064249","Geen leenstelsel","Geen uitval"
"217","4064508","Geen leenstelsel","Geen uitval"
"218","4064558","Geen leenstelsel","Geen uitval"
"219","4064923","Geen leenstelsel","Uitval"
"220","4065281","Geen leenstelsel","Uitval"
"221","4065382","Geen leenstelsel","Geen uitval"
"222","4066393","Geen leenstelsel","Uitval"
"223","4066884","Geen leenstelsel","Geen uitval"
"224","4067470","Geen leenstelsel","Geen uitval"
"225","4067696","Geen leenstelsel","Uitval"
"226","4067808","Geen leenstelsel","Uitval"
"227","4067886","Geen leenstelsel","Uitval"
"228","4068463","Geen leenstelsel","Geen uitval"
"229","4068833","Geen leenstelsel","Geen uitval"
"230","4068953","Geen leenstelsel","Uitval"
"231","4069387","Geen leenstelsel","Geen uitval"
"232","4069457","Geen leenstelsel","Uitval"
"233","4069789","Geen leenstelsel","Uitval"
"234","4069833","Geen leenstelsel","Geen uitval"
"235","4069859","Geen leenstelsel","Geen uitval"
"236","4069953","Geen leenstelsel","Geen uitval"
"237","4070342","Geen leenstelsel","Uitval"
"238","4070361","Geen leenstelsel","Uitval"
"239","4070566","Geen leenstelsel","Geen uitval"
"240","4070773","Geen leenstelsel","Uitval"
"241","4070816","Geen leenstelsel","Uitval"
"242","4071967","Geen leenstelsel","Geen uitval"
"243","4072008","Geen leenstelsel","Geen uitval"
"244","4072195","Geen leenstelsel","Geen uitval"
"245","4072353","Geen leenstelsel","Geen uitval"
"246","4072385","Geen leenstelsel","Geen uitval"
"247","4072525","Geen leenstelsel","Uitval"
"248","4073589","Geen leenstelsel","Uitval"
"249","4073674","Geen leenstelsel","Uitval"
"250","4074000","Geen leenstelsel","Geen uitval"
"251","4074187","Geen leenstelsel","Uitval"
"252","4074580","Geen leenstelsel","Geen uitval"
"253","4075165","Geen leenstelsel","Uitval"
"254","4075327","Geen leenstelsel","Uitval"
"255","4075350","Geen leenstelsel","Geen uitval"
"256","4075516","Geen leenstelsel","Uitval"
"257","4075609","Geen leenstelsel","Geen uitval"
"258","4076332","Geen leenstelsel","Uitval"
"259","4076379","Geen leenstelsel","Geen uitval"
"260","4077195","Geen leenstelsel","Uitval"
"261","4078070","Geen leenstelsel","Geen uitval"
"262","4078723","Geen leenstelsel","Uitval"
"263","4078772","Geen leenstelsel","Geen uitval"
"264","4078886","Geen leenstelsel","Uitval"
"265","4079827","Geen leenstelsel","Uitval"
"266","4079958","Geen leenstelsel","Geen uitval"
"267","4080039","Geen leenstelsel","Uitval"
"268","4080257","Geen leenstelsel","Uitval"
"269","4080432","Geen leenstelsel","Geen uitval"
"270","4080639","Geen leenstelsel","Uitval"
"271","4080993","Geen leenstelsel","Geen uitval"
"272","4081444","Geen leenstelsel","Geen uitval"
"273","4082734","Geen leenstelsel","Geen uitval"
"274","4082878","Geen leenstelsel","Uitval"
"275","4082962","Geen leenstelsel","Uitval"
"276","4083184","Geen leenstelsel","Geen uitval"
"277","4083406","Geen leenstelsel","Geen uitval"
"278","4083661","Geen leenstelsel","Geen uitval"
"279","4083732","Geen leenstelsel","Uitval"
"280","4083903","Geen leenstelsel","Uitval"
"281","4084450","Geen leenstelsel","Geen uitval"
"282","4084803","Geen leenstelsel","Uitval"
"283","4084966","Geen leenstelsel","Uitval"
"284","4085112","Geen leenstelsel","Uitval"
"285","4085353","Geen leenstelsel","Geen uitval"
"286","4085652","Geen leenstelsel","Uitval"
"287","4085724","Geen leenstelsel","Uitval"
"288","4086528","Geen leenstelsel","Uitval"
"289","4087080","Geen leenstelsel","Geen uitval"
"290","4087882","Geen leenstelsel","Uitval"
"291","4088306","Geen leenstelsel","Uitval"
"292","4088359","Geen leenstelsel","Geen uitval"
"293","4089340","Geen leenstelsel","Geen uitval"
"294","4089577","Geen leenstelsel","Geen uitval"
"295","4090352","Geen leenstelsel","Geen uitval"
"296","4090603","Geen leenstelsel","Geen uitval"
"297","4090721","Geen leenstelsel","Uitval"
"298","4090881","Geen leenstelsel","Geen uitval"
"299","4090890","Geen leenstelsel","Uitval"
"300","4091240","Geen leenstelsel","Uitval"
"301","4091302","Geen leenstelsel","Uitval"
"302","4091321","Geen leenstelsel","Geen uitval"
"303","4091563","Geen leenstelsel","Geen uitval"
"304","4091678","Geen leenstelsel","Geen uitval"
"305","4092030","Geen leenstelsel","Geen uitval"
"306","4092198","Geen leenstelsel","Uitval"
"307","4092292","Geen leenstelsel","Uitval"
"308","4092546","Geen leenstelsel","Geen uitval"
"309","4092733","Geen leenstelsel","Geen uitval"
"310","4093104","Geen leenstelsel","Geen uitval"
"311","4093138","Geen leenstelsel","Geen uitval"
"312","4094444","Geen leenstelsel","Uitval"
"313","4094445","Geen leenstelsel","Geen uitval"
"314","4094614","Geen leenstelsel","Uitval"
"315","4095082","Geen leenstelsel","Geen uitval"
"316","4095200","Geen leenstelsel","Geen uitval"
"317","4095464","Geen leenstelsel","Uitval"
"318","4095912","Geen leenstelsel","Geen uitval"
"319","4096480","Geen leenstelsel","Geen uitval"
"320","4096683","Geen leenstelsel","Uitval"
"321","4096811","Geen leenstelsel","Geen uitval"
"322","4097230","Geen leenstelsel","Geen uitval"
"323","4097358","Geen leenstelsel","Uitval"
"324","4097396","Geen leenstelsel","Geen uitval"
"325","4097639","Geen leenstelsel","Geen uitval"
"326","4097773","Geen leenstelsel","Uitval"
"327","4098015","Geen leenstelsel","Geen uitval"
"328","4098179","Geen leenstelsel","Uitval"
"329","4098517","Geen leenstelsel","Uitval"
"330","4098532","Geen leenstelsel","Geen uitval"
"331","4098914","Geen leenstelsel","Uitval"
"332","4098967","Geen leenstelsel","Uitval"
"333","4099022","Geen leenstelsel","Uitval"
"334","4099090","Geen leenstelsel","Uitval"
"335","4099184","Geen leenstelsel","Geen uitval"
"336","4099269","Geen leenstelsel","Geen uitval"
"337","4099521","Geen leenstelsel","Geen uitval"
"338","4100427","Geen leenstelsel","Uitval"
"339","4100538","Geen leenstelsel","Geen uitval"
"340","4100570","Geen leenstelsel","Uitval"
"341","4100588","Geen leenstelsel","Geen uitval"
"342","4100604","Geen leenstelsel","Geen uitval"
"343","4100681","Geen leenstelsel","Uitval"
"344","4101355","Geen leenstelsel","Geen uitval"
"345","4102050","Geen leenstelsel","Geen uitval"
"346","4102367","Geen leenstelsel","Uitval"
"347","4102515","Geen leenstelsel","Geen uitval"
"348","4102774","Geen leenstelsel","Uitval"
"349","4102788","Geen leenstelsel","Geen uitval"
"350","4102853","Geen leenstelsel","Geen uitval"
"351","4103107","Geen leenstelsel","Geen uitval"
"352","4103741","Geen leenstelsel","Geen uitval"
"353","4104139","Geen leenstelsel","Geen uitval"
"354","4104239","Geen leenstelsel","Geen uitval"
"355","4104576","Geen leenstelsel","Geen uitval"
"356","4104732","Geen leenstelsel","Geen uitval"
"357","4104829","Geen leenstelsel","Geen uitval"
"358","4105053","Geen leenstelsel","Uitval"
"359","4105419","Geen leenstelsel","Uitval"
"360","4106634","Geen leenstelsel","Geen uitval"
"361","4106736","Geen leenstelsel","Uitval"
"362","4107662","Geen leenstelsel","Uitval"
"363","4107941","Geen leenstelsel","Geen uitval"
"364","4108257","Geen leenstelsel","Geen uitval"
"365","4108456","Geen leenstelsel","Geen uitval"
"366","4108647","Geen leenstelsel","Geen uitval"
"367","4108661","Geen leenstelsel","Geen uitval"
"368","4108767","Geen leenstelsel","Uitval"
"369","4109017","Geen leenstelsel","Geen uitval"
"370","4109875","Geen leenstelsel","Uitval"
"371","4109954","Geen leenstelsel","Geen uitval"
"372","4110295","Geen leenstelsel","Geen uitval"
"373","4110330","Geen leenstelsel","Geen uitval"
"374","4110548","Geen leenstelsel","Uitval"
"375","4110855","Geen leenstelsel","Uitval"
"376","4111014","Geen leenstelsel","Uitval"
"377","4111135","Geen leenstelsel","Uitval"
"378","4111647","Geen leenstelsel","Uitval"
"379","4112162","Geen leenstelsel","Uitval"
"380","4112228","Geen leenstelsel","Geen uitval"
"381","4112366","Geen leenstelsel","Geen uitval"
"382","4112586","Geen leenstelsel","Uitval"
"383","4113421","Geen leenstelsel","Geen uitval"
"384","4113535","Geen leenstelsel","Geen uitval"
"385","4113781","Geen leenstelsel","Uitval"
"386","4114103","Geen leenstelsel","Geen uitval"
"387","4114236","Geen leenstelsel","Uitval"
"388","4114676","Geen leenstelsel","Uitval"
"389","4114789","Geen leenstelsel","Uitval"
"390","4114958","Geen leenstelsel","Uitval"
"391","4115192","Geen leenstelsel","Geen uitval"
"392","4115256","Geen leenstelsel","Uitval"
"393","4115514","Geen leenstelsel","Geen uitval"
"394","4115756","Geen leenstelsel","Geen uitval"
"395","4116047","Geen leenstelsel","Uitval"
"396","4116307","Geen leenstelsel","Geen uitval"
"397","4116435","Geen leenstelsel","Geen uitval"
"398","4116486","Geen leenstelsel","Uitval"
"399","4116558","Geen leenstelsel","Uitval"
"400","4116865","Geen leenstelsel","Geen uitval"
"401","4117303","Geen leenstelsel","Geen uitval"
"402","4117529","Geen leenstelsel","Geen uitval"
"403","4117576","Geen leenstelsel","Uitval"
"404","4117932","Geen leenstelsel","Geen uitval"
"405","4118074","Geen leenstelsel","Geen uitval"
"406","4118413","Geen leenstelsel","Geen uitval"
"407","4118893","Geen leenstelsel","Geen uitval"
"408","4118984","Geen leenstelsel","Geen uitval"
"409","4119161","Geen leenstelsel","Geen uitval"
"410","4119174","Geen leenstelsel","Uitval"
"411","4119272","Geen leenstelsel","Geen uitval"
"412","4119432","Geen leenstelsel","Uitval"
"413","4119922","Geen leenstelsel","Uitval"
"414","4120292","Geen leenstelsel","Uitval"
"415","4120980","Geen leenstelsel","Geen uitval"
"416","4120995","Geen leenstelsel","Geen uitval"
"417","4121782","Geen leenstelsel","Geen uitval"
"418","4122212","Geen leenstelsel","Geen uitval"
"419","4122682","Geen leenstelsel","Geen uitval"
"420","4122901","Geen leenstelsel","Uitval"
"421","4123770","Geen leenstelsel","Uitval"
"422","4123903","Geen leenstelsel","Uitval"
"423","4123916","Geen leenstelsel","Uitval"
"424","4124332","Geen leenstelsel","Geen uitval"
"425","4124412","Geen leenstelsel","Uitval"
"426","4125177","Geen leenstelsel","Geen uitval"
"427","4125214","Geen leenstelsel","Geen uitval"
"428","4125256","Geen leenstelsel","Geen uitval"
"429","4125317","Geen leenstelsel","Geen uitval"
"430","4125444","Geen leenstelsel","Uitval"
"431","4125623","Geen leenstelsel","Uitval"
"432","4126365","Geen leenstelsel","Uitval"
"433","4126435","Geen leenstelsel","Uitval"
"434","4126479","Geen leenstelsel","Uitval"
"435","4126855","Geen leenstelsel","Geen uitval"
"436","4127228","Geen leenstelsel","Uitval"
"437","4127803","Geen leenstelsel","Geen uitval"
"438","4127960","Geen leenstelsel","Geen uitval"
"439","4128033","Geen leenstelsel","Geen uitval"
"440","4128167","Geen leenstelsel","Geen uitval"
"441","4128725","Geen leenstelsel","Geen uitval"
"442","4129598","Geen leenstelsel","Geen uitval"
"443","4129804","Geen leenstelsel","Uitval"
"444","4130189","Geen leenstelsel","Geen uitval"
"445","4130476","Geen leenstelsel","Uitval"
"446","4130971","Geen leenstelsel","Geen uitval"
"447","4131036","Geen leenstelsel","Geen uitval"
"448","4131256","Geen leenstelsel","Geen uitval"
"449","4131297","Geen leenstelsel","Geen uitval"
"450","4131322","Geen leenstelsel","Geen uitval"
"451","4131738","Geen leenstelsel","Geen uitval"
"452","4131797","Geen leenstelsel","Geen uitval"
"453","4132257","Geen leenstelsel","Geen uitval"
"454","4132652","Geen leenstelsel","Uitval"
"455","4133045","Geen leenstelsel","Geen uitval"
"456","4133096","Geen leenstelsel","Geen uitval"
"457","4133328","Geen leenstelsel","Geen uitval"
"458","4133401","Geen leenstelsel","Uitval"
"459","4134260","Geen leenstelsel","Geen uitval"
"460","4134453","Geen leenstelsel","Uitval"
"461","4134518","Geen leenstelsel","Uitval"
"462","4134643","Geen leenstelsel","Geen uitval"
"463","4135328","Geen leenstelsel","Geen uitval"
"464","4135404","Geen leenstelsel","Uitval"
"465","4135682","Geen leenstelsel","Geen uitval"
"466","4135820","Geen leenstelsel","Uitval"
"467","4135937","Geen leenstelsel","Uitval"
"468","4135947","Geen leenstelsel","Geen uitval"
"469","4136122","Geen leenstelsel","Uitval"
"470","4136132","Geen leenstelsel","Uitval"
"471","4136172","Geen leenstelsel","Geen uitval"
"472","4136465","Geen leenstelsel","Uitval"
"473","4137663","Geen leenstelsel","Geen uitval"
"474","4138414","Geen leenstelsel","Uitval"
"475","4139482","Geen leenstelsel","Uitval"
"476","4139536","Geen leenstelsel","Uitval"
"477","4139767","Geen leenstelsel","Uitval"
"478","4139824","Geen leenstelsel","Uitval"
"479","4140016","Geen leenstelsel","Uitval"
"480","4140280","Geen leenstelsel","Geen uitval"
"481","4140677","Geen leenstelsel","Geen uitval"
"482","4140993","Geen leenstelsel","Uitval"
"483","4141441","Geen leenstelsel","Geen uitval"
"484","4141457","Geen leenstelsel","Uitval"
"485","4141543","Geen leenstelsel","Geen uitval"
"486","4141609","Geen leenstelsel","Geen uitval"
"487","4141926","Geen leenstelsel","Geen uitval"
"488","4142063","Geen leenstelsel","Uitval"
"489","4142229","Geen leenstelsel","Geen uitval"
"490","4142642","Geen leenstelsel","Uitval"
"491","4143042","Geen leenstelsel","Geen uitval"
"492","4143355","Geen leenstelsel","Uitval"
"493","4143483","Geen leenstelsel","Uitval"
"494","4143740","Geen leenstelsel","Geen uitval"
"495","4145217","Geen leenstelsel","Geen uitval"
"496","4145488","Geen leenstelsel","Geen uitval"
"497","4146148","Geen leenstelsel","Uitval"
"498","4146250","Geen leenstelsel","Uitval"
"499","4146808","Geen leenstelsel","Geen uitval"
"500","4147394","Geen leenstelsel","Uitval"
"501","4147398","Geen leenstelsel","Uitval"
"502","4148072","Geen leenstelsel","Geen uitval"
"503","4148105","Geen leenstelsel","Geen uitval"
"504","4148713","Geen leenstelsel","Geen uitval"
"505","4149148","Geen leenstelsel","Uitval"
"506","4149204","Geen leenstelsel","Geen uitval"
"507","4149377","Geen leenstelsel","Geen uitval"
"508","4149499","Geen leenstelsel","Geen uitval"
"509","4149669","Geen leenstelsel","Geen uitval"
"510","4149954","Geen leenstelsel","Geen uitval"
"511","4150313","Geen leenstelsel","Uitval"
"512","4150721","Geen leenstelsel","Uitval"
"513","4151276","Geen leenstelsel","Geen uitval"
"514","4151504","Geen leenstelsel","Geen uitval"
"515","4152578","Geen leenstelsel","Geen uitval"
"516","4152620","Geen leenstelsel","Uitval"
"517","4152681","Geen leenstelsel","Uitval"
"518","4152693","Geen leenstelsel","Geen uitval"
"519","4153458","Geen leenstelsel","Geen uitval"
"520","4154683","Geen leenstelsel","Geen uitval"
"521","4154759","Geen leenstelsel","Geen uitval"
"522","4156033","Geen leenstelsel","Uitval"
"523","4156082","Geen leenstelsel","Geen uitval"
"524","4156755","Geen leenstelsel","Uitval"
"525","4156889","Geen leenstelsel","Uitval"
"526","4157098","Geen leenstelsel","Geen uitval"
"527","4157136","Geen leenstelsel","Geen uitval"
"528","4157399","Geen leenstelsel","Uitval"
"529","4157445","Geen leenstelsel","Uitval"
"530","4157684","Geen leenstelsel","Geen uitval"
"531","4157743","Geen leenstelsel","Uitval"
"532","4158140","Geen leenstelsel","Uitval"
"533","4158325","Geen leenstelsel","Uitval"
"534","4158799","Geen leenstelsel","Geen uitval"
"535","4159349","Geen leenstelsel","Geen uitval"
"536","4159613","Geen leenstelsel","Uitval"
"537","4159825","Geen leenstelsel","Geen uitval"
"538","4160220","Geen leenstelsel","Uitval"
"539","4160460","Geen leenstelsel","Geen uitval"
"540","4160546","Geen leenstelsel","Geen uitval"
"541","4160591","Geen leenstelsel","Geen uitval"
"542","4160768","Geen leenstelsel","Geen uitval"
"543","4160975","Geen leenstelsel","Geen uitval"
"544","4161320","Geen leenstelsel","Uitval"
"545","4161427","Geen leenstelsel","Geen uitval"
"546","4162380","Geen leenstelsel","Geen uitval"
"547","4163987","Geen leenstelsel","Geen uitval"
"548","4165539","Geen leenstelsel","Geen uitval"
"549","4165557","Geen leenstelsel","Geen uitval"
"550","4166052","Geen leenstelsel","Uitval"
"551","4166249","Geen leenstelsel","Uitval"
"552","4166271","Geen leenstelsel","Uitval"
"553","4167411","Geen leenstelsel","Geen uitval"
"554","4167435","Geen leenstelsel","Geen uitval"
"555","4167914","Geen leenstelsel","Geen uitval"
"556","4167925","Geen leenstelsel","Uitval"
"557","4169146","Geen leenstelsel","Geen uitval"
"558","4170678","Geen leenstelsel","Geen uitval"
"559","4171084","Geen leenstelsel","Geen uitval"
"560","4171362","Geen leenstelsel","Geen uitval"
"561","4171719","Geen leenstelsel","Geen uitval"
"562","4171774","Geen leenstelsel","Geen uitval"
"563","4172356","Geen leenstelsel","Geen uitval"
"564","4172428","Geen leenstelsel","Geen uitval"
"565","4172809","Geen leenstelsel","Geen uitval"
"566","4173575","Geen leenstelsel","Uitval"
"567","4173870","Geen leenstelsel","Geen uitval"
"568","4175026","Geen leenstelsel","Uitval"
"569","4175191","Geen leenstelsel","Geen uitval"
"570","4175374","Geen leenstelsel","Geen uitval"
"571","4175424","Geen leenstelsel","Uitval"
"572","4176143","Geen leenstelsel","Uitval"
"573","4176825","Geen leenstelsel","Uitval"
"574","4177066","Geen leenstelsel","Uitval"
"575","4177252","Geen leenstelsel","Geen uitval"
"576","4177330","Geen leenstelsel","Geen uitval"
"577","4177685","Geen leenstelsel","Uitval"
"578","4178252","Geen leenstelsel","Geen uitval"
"579","4178507","Geen leenstelsel","Geen uitval"
"580","4178771","Geen leenstelsel","Geen uitval"
"581","4178937","Geen leenstelsel","Uitval"
"582","4180336","Geen leenstelsel","Uitval"
"583","4180533","Geen leenstelsel","Geen uitval"
"584","4180570","Geen leenstelsel","Uitval"
"585","4180964","Geen leenstelsel","Geen uitval"
"586","4181148","Geen leenstelsel","Geen uitval"
"587","4181190","Geen leenstelsel","Geen uitval"
"588","4181522","Geen leenstelsel","Geen uitval"
"589","4181802","Geen leenstelsel","Uitval"
"590","4182354","Geen leenstelsel","Geen uitval"
"591","4182393","Geen leenstelsel","Uitval"
"592","4182505","Geen leenstelsel","Uitval"
"593","4182513","Geen leenstelsel","Uitval"
"594","4182603","Geen leenstelsel","Geen uitval"
"595","4183015","Geen leenstelsel","Uitval"
"596","4183020","Geen leenstelsel","Uitval"
"597","4183532","Geen leenstelsel","Uitval"
"598","4183712","Geen leenstelsel","Uitval"
"599","4183989","Geen leenstelsel","Geen uitval"
"600","4184206","Geen leenstelsel","Uitval"
"601","4184268","Geen leenstelsel","Geen uitval"
"602","4184306","Geen leenstelsel","Uitval"
"603","4184373","Geen leenstelsel","Uitval"
"604","4184569","Geen leenstelsel","Uitval"
"605","4184713","Geen leenstelsel","Uitval"
"606","4185412","Geen leenstelsel","Geen uitval"
"607","4185658","Geen leenstelsel","Uitval"
"608","4186162","Geen leenstelsel","Uitval"
"609","4186839","Geen leenstelsel","Geen uitval"
"610","4187193","Geen leenstelsel","Uitval"
"611","4187227","Geen leenstelsel","Geen uitval"
"612","4187453","Geen leenstelsel","Geen uitval"
"613","4187735","Geen leenstelsel","Geen uitval"
"614","4187737","Geen leenstelsel","Geen uitval"
"615","4187907","Geen leenstelsel","Geen uitval"
"616","4187933","Geen leenstelsel","Geen uitval"
"617","4188044","Geen leenstelsel","Uitval"
"618","4188197","Geen leenstelsel","Geen uitval"
"619","4188646","Geen leenstelsel","Geen uitval"
"620","4188894","Geen leenstelsel","Uitval"
"621","4189543","Geen leenstelsel","Geen uitval"
"622","4189624","Geen leenstelsel","Uitval"
"623","4189913","Geen leenstelsel","Geen uitval"
"624","4190471","Geen leenstelsel","Geen uitval"
"625","4191321","Geen leenstelsel","Uitval"
"626","4191419","Geen leenstelsel","Geen uitval"
"627","4191613","Geen leenstelsel","Uitval"
"628","4191765","Geen leenstelsel","Uitval"
"629","4191843","Geen leenstelsel","Uitval"
"630","4191940","Geen leenstelsel","Geen uitval"
"631","4192196","Geen leenstelsel","Uitval"
"632","4192253","Geen leenstelsel","Geen uitval"
"633","4192275","Geen leenstelsel","Uitval"
"634","4192619","Geen leenstelsel","Uitval"
"635","4192696","Geen leenstelsel","Uitval"
"636","4193197","Geen leenstelsel","Uitval"
"637","4193551","Geen leenstelsel","Uitval"
"638","4194091","Geen leenstelsel","Geen uitval"
"639","4194286","Geen leenstelsel","Uitval"
"640","4194984","Geen leenstelsel","Geen uitval"
"641","4194988","Geen leenstelsel","Uitval"
"642","4195018","Geen leenstelsel","Geen uitval"
"643","4195202","Geen leenstelsel","Geen uitval"
"644","4195762","Geen leenstelsel","Geen uitval"
"645","4196270","Geen leenstelsel","Uitval"
"646","4197738","Geen leenstelsel","Geen uitval"
"647","4197820","Geen leenstelsel","Geen uitval"
"648","4197823","Geen leenstelsel","Geen uitval"
"649","4197969","Geen leenstelsel","Geen uitval"
"650","4198409","Geen leenstelsel","Geen uitval"
"651","4198610","Geen leenstelsel","Geen uitval"
"652","4198980","Geen leenstelsel","Geen uitval"
"653","4199010","Geen leenstelsel","Uitval"
"654","4199087","Geen leenstelsel","Uitval"
"655","4199093","Geen leenstelsel","Geen uitval"
"656","4199155","Geen leenstelsel","Geen uitval"
"657","4199291","Geen leenstelsel","Geen uitval"
"658","4199604","Geen leenstelsel","Uitval"
"659","4199652","Geen leenstelsel","Uitval"
"660","4199761","Geen leenstelsel","Geen uitval"
"661","4199862","Geen leenstelsel","Uitval"
"662","4199925","Geen leenstelsel","Uitval"
"663","4200223","Geen leenstelsel","Geen uitval"
"664","4200404","Geen leenstelsel","Uitval"
"665","4200614","Geen leenstelsel","Geen uitval"
"666","4200669","Geen leenstelsel","Geen uitval"
"667","4200971","Geen leenstelsel","Geen uitval"
"668","4201503","Geen leenstelsel","Geen uitval"
"669","4201631","Geen leenstelsel","Geen uitval"
"670","4201745","Geen leenstelsel","Uitval"
"671","4201847","Geen leenstelsel","Uitval"
"672","4201867","Geen leenstelsel","Geen uitval"
"673","4201957","Geen leenstelsel","Uitval"
"674","4202793","Geen leenstelsel","Geen uitval"
"675","4202843","Geen leenstelsel","Geen uitval"
"676","4203622","Geen leenstelsel","Uitval"
"677","4203682","Geen leenstelsel","Uitval"
"678","4203868","Geen leenstelsel","Geen uitval"
"679","4203910","Geen leenstelsel","Uitval"
"680","4204400","Geen leenstelsel","Geen uitval"
"681","4204424","Geen leenstelsel","Uitval"
"682","4205020","Geen leenstelsel","Geen uitval"
"683","4205176","Geen leenstelsel","Uitval"
"684","4205423","Geen leenstelsel","Geen uitval"
"685","4205990","Geen leenstelsel","Uitval"
"686","4206422","Geen leenstelsel","Uitval"
"687","4206616","Geen leenstelsel","Geen uitval"
"688","4206792","Geen leenstelsel","Uitval"
"689","4207198","Geen leenstelsel","Geen uitval"
"690","4207303","Geen leenstelsel","Uitval"
"691","4207306","Geen leenstelsel","Geen uitval"
"692","4207596","Geen leenstelsel","Geen uitval"
"693","4207721","Geen leenstelsel","Geen uitval"
"694","4207999","Geen leenstelsel","Uitval"
"695","4208236","Geen leenstelsel","Uitval"
"696","4208987","Geen leenstelsel","Geen uitval"
"697","4209619","Geen leenstelsel","Uitval"
"698","4209695","Geen leenstelsel","Geen uitval"
"699","4210227","Geen leenstelsel","Geen uitval"
"700","4210547","Geen leenstelsel","Geen uitval"
"701","4210937","Geen leenstelsel","Geen uitval"
"702","4211013","Geen leenstelsel","Uitval"
"703","4211093","Geen leenstelsel","Geen uitval"
"704","4213240","Geen leenstelsel","Geen uitval"
"705","4213250","Geen leenstelsel","Uitval"
"706","4213606","Geen leenstelsel","Geen uitval"
"707","4213647","Geen leenstelsel","Uitval"
"708","4214722","Geen leenstelsel","Uitval"
"709","4215202","Geen leenstelsel","Geen uitval"
"710","4215392","Geen leenstelsel","Geen uitval"
"711","4216245","Geen leenstelsel","Uitval"
"712","4217197","Geen leenstelsel","Uitval"
"713","4217309","Geen leenstelsel","Uitval"
"714","4217392","Geen leenstelsel","Uitval"
"715","4217600","Geen leenstelsel","Uitval"
"716","4218139","Geen leenstelsel","Geen uitval"
"717","4218457","Geen leenstelsel","Uitval"
"718","4218471","Geen leenstelsel","Uitval"
"719","4219408","Geen leenstelsel","Uitval"
"720","4219562","Geen leenstelsel","Geen uitval"
"721","4219755","Geen leenstelsel","Geen uitval"
"722","4219874","Geen leenstelsel","Geen uitval"
"723","4220115","Geen leenstelsel","Geen uitval"
"724","4220141","Geen leenstelsel","Uitval"
"725","4220491","Geen leenstelsel","Uitval"
"726","4220657","Geen leenstelsel","Geen uitval"
"727","4222057","Geen leenstelsel","Geen uitval"
"728","4222256","Geen leenstelsel","Geen uitval"
"729","4222610","Geen leenstelsel","Uitval"
"730","4222745","Geen leenstelsel","Uitval"
"731","4222885","Geen leenstelsel","Geen uitval"
"732","4222986","Geen leenstelsel","Geen uitval"
"733","4223550","Geen leenstelsel","Uitval"
"734","4223931","Geen leenstelsel","Geen uitval"
"735","4224087","Geen leenstelsel","Geen uitval"
"736","4224131","Geen leenstelsel","Uitval"
"737","4224883","Geen leenstelsel","Uitval"
"738","4225152","Geen leenstelsel","Uitval"
"739","4225540","Geen leenstelsel","Geen uitval"
"740","4226277","Geen leenstelsel","Geen uitval"
"741","4226354","Geen leenstelsel","Geen uitval"
"742","4226400","Geen leenstelsel","Uitval"
"743","4226726","Geen leenstelsel","Uitval"
"744","4226933","Geen leenstelsel","Uitval"
"745","4227464","Geen leenstelsel","Uitval"
"746","4227791","Geen leenstelsel","Geen uitval"
"747","4227991","Geen leenstelsel","Geen uitval"
"748","4228377","Geen leenstelsel","Geen uitval"
"749","4229278","Geen leenstelsel","Geen uitval"
"750","4229282","Geen leenstelsel","Geen uitval"
"751","4229320","Geen leenstelsel","Geen uitval"
"752","4229782","Geen leenstelsel","Uitval"
"753","4229837","Geen leenstelsel","Geen uitval"
"754","4229867","Geen leenstelsel","Geen uitval"
"755","4230078","Geen leenstelsel","Uitval"
"756","4230636","Geen leenstelsel","Geen uitval"
"757","4231196","Geen leenstelsel","Geen uitval"
"758","4231477","Geen leenstelsel","Geen uitval"
"759","4231512","Geen leenstelsel","Geen uitval"
"760","4231536","Geen leenstelsel","Uitval"
"761","4231992","Geen leenstelsel","Geen uitval"
"762","4232164","Geen leenstelsel","Geen uitval"
"763","4232212","Geen leenstelsel","Uitval"
"764","4232738","Geen leenstelsel","Uitval"
"765","4232918","Geen leenstelsel","Geen uitval"
"766","4232928","Geen leenstelsel","Uitval"
"767","4233104","Geen leenstelsel","Geen uitval"
"768","4233127","Geen leenstelsel","Uitval"
"769","4233398","Geen leenstelsel","Uitval"
"770","4233597","Geen leenstelsel","Geen uitval"
"771","4233953","Geen leenstelsel","Uitval"
"772","4234111","Geen leenstelsel","Geen uitval"
"773","4234328","Geen leenstelsel","Uitval"
"774","4234511","Geen leenstelsel","Geen uitval"
"775","4235028","Geen leenstelsel","Geen uitval"
"776","4235147","Geen leenstelsel","Uitval"
"777","4235194","Geen leenstelsel","Geen uitval"
"778","4235318","Geen leenstelsel","Geen uitval"
"779","4235323","Geen leenstelsel","Uitval"
"780","4235689","Geen leenstelsel","Geen uitval"
"781","4235732","Geen leenstelsel","Uitval"
"782","4236024","Geen leenstelsel","Uitval"
"783","4236030","Geen leenstelsel","Uitval"
"784","4236315","Geen leenstelsel","Geen uitval"
"785","4236529","Geen leenstelsel","Geen uitval"
"786","4236750","Geen leenstelsel","Geen uitval"
"787","4237183","Geen leenstelsel","Geen uitval"
"788","4238770","Geen leenstelsel","Uitval"
"789","4239187","Geen leenstelsel","Geen uitval"
"790","4240515","Geen leenstelsel","Geen uitval"
"791","4241096","Geen leenstelsel","Geen uitval"
"792","4241368","Geen leenstelsel","Uitval"
"793","4241376","Geen leenstelsel","Geen uitval"
"794","4241491","Geen leenstelsel","Uitval"
"795","4241672","Geen leenstelsel","Geen uitval"
"796","4242125","Geen leenstelsel","Uitval"
"797","4242217","Geen leenstelsel","Uitval"
"798","4242919","Geen leenstelsel","Geen uitval"
"799","4243055","Geen leenstelsel","Uitval"
"800","4243603","Geen leenstelsel","Geen uitval"
"801","4244063","Geen leenstelsel","Geen uitval"
"802","4244088","Geen leenstelsel","Geen uitval"
"803","4244148","Geen leenstelsel","Uitval"
"804","4244211","Geen leenstelsel","Uitval"
"805","4244598","Geen leenstelsel","Geen uitval"
"806","4244904","Geen leenstelsel","Geen uitval"
"807","4244928","Geen leenstelsel","Geen uitval"
"808","4245122","Geen leenstelsel","Geen uitval"
"809","4245233","Geen leenstelsel","Geen uitval"
"810","4245439","Geen leenstelsel","Uitval"
"811","4245927","Geen leenstelsel","Geen uitval"
"812","4246419","Geen leenstelsel","Geen uitval"
"813","4246556","Geen leenstelsel","Geen uitval"
"814","4247336","Geen leenstelsel","Geen uitval"
"815","4247869","Geen leenstelsel","Uitval"
"816","4248196","Geen leenstelsel","Uitval"
"817","4248326","Geen leenstelsel","Uitval"
"818","4248339","Geen leenstelsel","Uitval"
"819","4248540","Geen leenstelsel","Geen uitval"
"820","4248680","Geen leenstelsel","Geen uitval"
"821","4248689","Geen leenstelsel","Uitval"
"822","4248888","Geen leenstelsel","Geen uitval"
"823","4249831","Geen leenstelsel","Geen uitval"
"824","4250327","Geen leenstelsel","Uitval"
"825","4250337","Geen leenstelsel","Uitval"
"826","4250365","Geen leenstelsel","Geen uitval"
"827","4250935","Geen leenstelsel","Geen uitval"
"828","4251487","Geen leenstelsel","Geen uitval"
"829","4252247","Geen leenstelsel","Uitval"
"830","4252348","Geen leenstelsel","Geen uitval"
"831","4252558","Geen leenstelsel","Uitval"
"832","4252844","Geen leenstelsel","Geen uitval"
"833","4253230","Geen leenstelsel","Uitval"
"834","4253387","Geen leenstelsel","Geen uitval"
"835","4253654","Geen leenstelsel","Geen uitval"
"836","4254170","Geen leenstelsel","Uitval"
"837","4254277","Geen leenstelsel","Uitval"
"838","4254515","Geen leenstelsel","Geen uitval"
"839","4254806","Geen leenstelsel","Uitval"
"840","4255357","Geen leenstelsel","Geen uitval"
"841","4255651","Geen leenstelsel","Uitval"
"842","4256004","Geen leenstelsel","Uitval"
"843","4256256","Geen leenstelsel","Uitval"
"844","4257011","Geen leenstelsel","Geen uitval"
"845","4257273","Geen leenstelsel","Geen uitval"
"846","4257751","Geen leenstelsel","Uitval"
"847","4257965","Geen leenstelsel","Uitval"
"848","4258062","Geen leenstelsel","Geen uitval"
"849","4258347","Geen leenstelsel","Uitval"
"850","4258381","Geen leenstelsel","Geen uitval"
"851","4258525","Geen leenstelsel","Uitval"
"852","4258631","Geen leenstelsel","Uitval"
"853","4258671","Geen leenstelsel","Geen uitval"
"854","4258840","Geen leenstelsel","Geen uitval"
"855","4259470","Geen leenstelsel","Geen uitval"
"856","4259529","Geen leenstelsel","Geen uitval"
"857","4259623","Geen leenstelsel","Uitval"
"858","4259910","Geen leenstelsel","Uitval"
"859","4260107","Geen leenstelsel","Geen uitval"
"860","4260188","Geen leenstelsel","Geen uitval"
"861","4260422","Geen leenstelsel","Uitval"
"862","4261333","Geen leenstelsel","Uitval"
"863","4261629","Geen leenstelsel","Uitval"
"864","4261886","Geen leenstelsel","Uitval"
"865","4262276","Geen leenstelsel","Geen uitval"
"866","4263133","Geen leenstelsel","Geen uitval"
"867","4263925","Geen leenstelsel","Geen uitval"
"868","4263996","Geen leenstelsel","Uitval"
"869","4264383","Geen leenstelsel","Geen uitval"
"870","4264455","Geen leenstelsel","Geen uitval"
"871","4264647","Geen leenstelsel","Geen uitval"
"872","4264706","Leenstelsel","Uitval"
"873","4265177","Leenstelsel","Uitval"
"874","4265557","Leenstelsel","Uitval"
"875","4265718","Leenstelsel","Uitval"
"876","4265903","Leenstelsel","Geen uitval"
"877","4266325","Leenstelsel","Geen uitval"
"878","4266329","Leenstelsel","Geen uitval"
"879","4266429","Leenstelsel","Uitval"
"880","4266601","Leenstelsel","Geen uitval"
"881","4266649","Leenstelsel","Geen uitval"
"882","4266733","Leenstelsel","Geen uitval"
"883","4266944","Leenstelsel","Uitval"
"884","4267397","Leenstelsel","Geen uitval"
"885","4268380","Leenstelsel","Geen uitval"
"886","4268526","Leenstelsel","Geen uitval"
"887","4269101","Leenstelsel","Geen uitval"
"888","4269260","Leenstelsel","Uitval"
"889","4269343","Leenstelsel","Geen uitval"
"890","4269543","Leenstelsel","Uitval"
"891","4269957","Leenstelsel","Uitval"
"892","4270014","Leenstelsel","Geen uitval"
"893","4270119","Leenstelsel","Geen uitval"
"894","4270130","Leenstelsel","Geen uitval"
"895","4270372","Leenstelsel","Geen uitval"
"896","4270699","Leenstelsel","Geen uitval"
"897","4270733","Leenstelsel","Uitval"
"898","4270756","Leenstelsel","Geen uitval"
"899","4270758","Leenstelsel","Uitval"
"900","4270849","Leenstelsel","Uitval"
"901","4270924","Leenstelsel","Geen uitval"
"902","4271051","Leenstelsel","Uitval"
"903","4271121","Leenstelsel","Geen uitval"
"904","4272149","Leenstelsel","Geen uitval"
"905","4272381","Leenstelsel","Uitval"
"906","4272827","Leenstelsel","Uitval"
"907","4272959","Leenstelsel","Uitval"
"908","4273025","Leenstelsel","Uitval"
"909","4273462","Leenstelsel","Geen uitval"
"910","4273900","Leenstelsel","Uitval"
"911","4273997","Leenstelsel","Uitval"
"912","4274108","Leenstelsel","Geen uitval"
"913","4274272","Leenstelsel","Uitval"
"914","4274475","Leenstelsel","Uitval"
"915","4274740","Leenstelsel","Uitval"
"916","4275381","Leenstelsel","Geen uitval"
"917","4275442","Leenstelsel","Geen uitval"
"918","4275515","Leenstelsel","Uitval"
"919","4275745","Leenstelsel","Geen uitval"
"920","4275995","Leenstelsel","Geen uitval"
"921","4276116","Leenstelsel","Uitval"
"922","4276435","Leenstelsel","Geen uitval"
"923","4277016","Leenstelsel","Geen uitval"
"924","4277289","Leenstelsel","Geen uitval"
"925","4277338","Leenstelsel","Uitval"
"926","4277768","Leenstelsel","Uitval"
"927","4277848","Leenstelsel","Geen uitval"
"928","4277864","Leenstelsel","Uitval"
"929","4278184","Leenstelsel","Geen uitval"
"930","4278231","Leenstelsel","Geen uitval"
"931","4278362","Leenstelsel","Geen uitval"
"932","4278752","Leenstelsel","Uitval"
"933","4278790","Leenstelsel","Uitval"
"934","4278928","Leenstelsel","Geen uitval"
"935","4279199","Leenstelsel","Uitval"
"936","4279769","Leenstelsel","Geen uitval"
"937","4279779","Leenstelsel","Geen uitval"
"938","4280051","Leenstelsel","Uitval"
"939","4280137","Leenstelsel","Uitval"
"940","4280276","Leenstelsel","Uitval"
"941","4280295","Leenstelsel","Uitval"
"942","4280344","Leenstelsel","Uitval"
"943","4280464","Leenstelsel","Uitval"
"944","4280683","Leenstelsel","Geen uitval"
"945","4280897","Leenstelsel","Uitval"
"946","4281302","Leenstelsel","Uitval"
"947","4281585","Leenstelsel","Uitval"
"948","4282623","Leenstelsel","Geen uitval"
"949","4283551","Leenstelsel","Geen uitval"
"950","4283662","Leenstelsel","Uitval"
"951","4283995","Leenstelsel","Uitval"
"952","4284221","Leenstelsel","Geen uitval"
"953","4284334","Leenstelsel","Geen uitval"
"954","4284449","Leenstelsel","Uitval"
"955","4284606","Leenstelsel","Uitval"
"956","4284830","Leenstelsel","Geen uitval"
"957","4284838","Leenstelsel","Uitval"
"958","4284970","Leenstelsel","Geen uitval"
"959","4284988","Leenstelsel","Uitval"
"960","4285113","Leenstelsel","Geen uitval"
"961","4285703","Leenstelsel","Geen uitval"
"962","4285942","Leenstelsel","Uitval"
"963","4286066","Leenstelsel","Uitval"
"964","4286593","Leenstelsel","Geen uitval"
"965","4287354","Leenstelsel","Geen uitval"
"966","4287514","Leenstelsel","Geen uitval"
"967","4287631","Leenstelsel","Geen uitval"
"968","4287736","Leenstelsel","Uitval"
"969","4288151","Leenstelsel","Geen uitval"
"970","4288269","Leenstelsel","Geen uitval"
"971","4288400","Leenstelsel","Geen uitval"
"972","4289008","Leenstelsel","Geen uitval"
"973","4289019","Leenstelsel","Geen uitval"
"974","4289047","Leenstelsel","Geen uitval"
"975","4289232","Leenstelsel","Uitval"
"976","4289560","Leenstelsel","Geen uitval"
"977","4290307","Leenstelsel","Uitval"
"978","4290651","Leenstelsel","Geen uitval"
"979","4290802","Leenstelsel","Uitval"
"980","4290884","Leenstelsel","Uitval"
"981","4290920","Leenstelsel","Geen uitval"
"982","4291031","Leenstelsel","Geen uitval"
"983","4291293","Leenstelsel","Uitval"
"984","4291301","Leenstelsel","Uitval"
"985","4291764","Leenstelsel","Geen uitval"
"986","4291803","Leenstelsel","Uitval"
"987","4293095","Leenstelsel","Uitval"
"988","4293629","Leenstelsel","Uitval"
"989","4293756","Leenstelsel","Geen uitval"
"990","4294270","Leenstelsel","Geen uitval"
"991","4294474","Leenstelsel","Geen uitval"
"992","4294761","Leenstelsel","Uitval"
"993","4295294","Leenstelsel","Geen uitval"
"994","4295675","Leenstelsel","Geen uitval"
"995","4296026","Leenstelsel","Uitval"
"996","4296129","Leenstelsel","Geen uitval"
"997","4296687","Leenstelsel","Geen uitval"
"998","4296766","Leenstelsel","Geen uitval"
"999","4297663","Leenstelsel","Uitval"
"1000","4297948","Leenstelsel","Uitval"
"1001","4298068","Leenstelsel","Geen uitval"
"1002","4298469","Leenstelsel","Uitval"
"1003","4299226","Leenstelsel","Geen uitval"
"1004","4299804","Leenstelsel","Geen uitval"
"1005","4299993","Leenstelsel","Uitval"
"1006","4300138","Leenstelsel","Uitval"
"1007","4300441","Leenstelsel","Geen uitval"
"1008","4300561","Leenstelsel","Uitval"
"1009","4300674","Leenstelsel","Uitval"
"1010","4302582","Leenstelsel","Uitval"
"1011","4302892","Leenstelsel","Geen uitval"
"1012","4303233","Leenstelsel","Uitval"
"1013","4303338","Leenstelsel","Geen uitval"
"1014","4303567","Leenstelsel","Uitval"
"1015","4303713","Leenstelsel","Uitval"
"1016","4304128","Leenstelsel","Uitval"
"1017","4304370","Leenstelsel","Geen uitval"
"1018","4305033","Leenstelsel","Uitval"
"1019","4305142","Leenstelsel","Geen uitval"
"1020","4306037","Leenstelsel","Geen uitval"
"1021","4306145","Leenstelsel","Geen uitval"
"1022","4306518","Leenstelsel","Uitval"
"1023","4306750","Leenstelsel","Geen uitval"
"1024","4307271","Leenstelsel","Geen uitval"
"1025","4307339","Leenstelsel","Geen uitval"
"1026","4307382","Leenstelsel","Geen uitval"
"1027","4307490","Leenstelsel","Uitval"
"1028","4307769","Leenstelsel","Geen uitval"
"1029","4308351","Leenstelsel","Geen uitval"
"1030","4308571","Leenstelsel","Geen uitval"
"1031","4308770","Leenstelsel","Geen uitval"
"1032","4309128","Leenstelsel","Uitval"
"1033","4309464","Leenstelsel","Uitval"
"1034","4309838","Leenstelsel","Geen uitval"
"1035","4310388","Leenstelsel","Uitval"
"1036","4310731","Leenstelsel","Geen uitval"
"1037","4310908","Leenstelsel","Uitval"
"1038","4311514","Leenstelsel","Geen uitval"
"1039","4311748","Leenstelsel","Geen uitval"
"1040","4311865","Leenstelsel","Uitval"
"1041","4311921","Leenstelsel","Uitval"
"1042","4312537","Leenstelsel","Uitval"
"1043","4313261","Leenstelsel","Geen uitval"
"1044","4313533","Leenstelsel","Geen uitval"
"1045","4314530","Leenstelsel","Geen uitval"
"1046","4314647","Leenstelsel","Geen uitval"
"1047","4314683","Leenstelsel","Uitval"
"1048","4314960","Leenstelsel","Geen uitval"
"1049","4315777","Leenstelsel","Geen uitval"
"1050","4316028","Leenstelsel","Uitval"
"1051","4316066","Leenstelsel","Uitval"
"1052","4316632","Leenstelsel","Geen uitval"
"1053","4317398","Leenstelsel","Uitval"
"1054","4317693","Leenstelsel","Geen uitval"
"1055","4318921","Leenstelsel","Uitval"
"1056","4319355","Leenstelsel","Uitval"
"1057","4319827","Leenstelsel","Uitval"
"1058","4320736","Leenstelsel","Uitval"
"1059","4321079","Leenstelsel","Uitval"
"1060","4321356","Leenstelsel","Uitval"
"1061","4321598","Leenstelsel","Geen uitval"
"1062","4322590","Leenstelsel","Uitval"
"1063","4322813","Leenstelsel","Geen uitval"
"1064","4323078","Leenstelsel","Uitval"
"1065","4323304","Leenstelsel","Geen uitval"
"1066","4323399","Leenstelsel","Geen uitval"
"1067","4323426","Leenstelsel","Uitval"
"1068","4323587","Leenstelsel","Geen uitval"
"1069","4323643","Leenstelsel","Geen uitval"
"1070","4323742","Leenstelsel","Uitval"
"1071","4324042","Leenstelsel","Uitval"
"1072","4324424","Leenstelsel","Uitval"
"1073","4324636","Leenstelsel","Uitval"
"1074","4325161","Leenstelsel","Uitval"
"1075","4325424","Leenstelsel","Uitval"
"1076","4325572","Leenstelsel","Uitval"
"1077","4325682","Leenstelsel","Uitval"
"1078","4325771","Leenstelsel","Uitval"
"1079","4325874","Leenstelsel","Geen uitval"
"1080","4326027","Leenstelsel","Geen uitval"
"1081","4326184","Leenstelsel","Geen uitval"
"1082","4326933","Leenstelsel","Uitval"
"1083","4327147","Leenstelsel","Uitval"
"1084","4327226","Leenstelsel","Uitval"
"1085","4327747","Leenstelsel","Uitval"
"1086","4327800","Leenstelsel","Geen uitval"
"1087","4328155","Leenstelsel","Uitval"
"1088","4328613","Leenstelsel","Geen uitval"
"1089","4329349","Leenstelsel","Uitval"
"1090","4329646","Leenstelsel","Geen uitval"
"1091","4329837","Leenstelsel","Uitval"
"1092","4330087","Leenstelsel","Uitval"
"1093","4330092","Leenstelsel","Uitval"
"1094","4330125","Leenstelsel","Geen uitval"
"1095","4330248","Leenstelsel","Geen uitval"
"1096","4330550","Leenstelsel","Uitval"
"1097","4330671","Leenstelsel","Uitval"
"1098","4330908","Leenstelsel","Uitval"
"1099","4331729","Leenstelsel","Uitval"
"1100","4332291","Leenstelsel","Geen uitval"
"1101","4332613","Leenstelsel","Uitval"
"1102","4333152","Leenstelsel","Uitval"
"1103","4333672","Leenstelsel","Uitval"
"1104","4334712","Leenstelsel","Uitval"
"1105","4334825","Leenstelsel","Geen uitval"
"1106","4335418","Leenstelsel","Geen uitval"
"1107","4335437","Leenstelsel","Geen uitval"
"1108","4335665","Leenstelsel","Uitval"
"1109","4335796","Leenstelsel","Geen uitval"
"1110","4336084","Leenstelsel","Uitval"
"1111","4336905","Leenstelsel","Geen uitval"
"1112","4336961","Leenstelsel","Geen uitval"
"1113","4337389","Leenstelsel","Geen uitval"
"1114","4337827","Leenstelsel","Uitval"
"1115","4337913","Leenstelsel","Geen uitval"
"1116","4337950","Leenstelsel","Geen uitval"
"1117","4338520","Leenstelsel","Geen uitval"
"1118","4338835","Leenstelsel","Uitval"
"1119","4338844","Leenstelsel","Uitval"
"1120","4339108","Leenstelsel","Geen uitval"
"1121","4339279","Leenstelsel","Uitval"
"1122","4339557","Leenstelsel","Geen uitval"
"1123","4339604","Leenstelsel","Uitval"
"1124","4339891","Leenstelsel","Geen uitval"
"1125","4339980","Leenstelsel","Geen uitval"
"1126","4340544","Leenstelsel","Uitval"
"1127","4340750","Leenstelsel","Uitval"
"1128","4341758","Leenstelsel","Geen uitval"
"1129","4342293","Leenstelsel","Uitval"
"1130","4342344","Leenstelsel","Geen uitval"
"1131","4342434","Leenstelsel","Geen uitval"
"1132","4342559","Leenstelsel","Uitval"
"1133","4343017","Leenstelsel","Uitval"
"1134","4343062","Leenstelsel","Geen uitval"
"1135","4343075","Leenstelsel","Geen uitval"
"1136","4343186","Leenstelsel","Uitval"
"1137","4343582","Leenstelsel","Uitval"
"1138","4344310","Leenstelsel","Uitval"
"1139","4344476","Leenstelsel","Geen uitval"
"1140","4344636","Leenstelsel","Geen uitval"
"1141","4344809","Leenstelsel","Geen uitval"
"1142","4345464","Leenstelsel","Uitval"
"1143","4345714","Leenstelsel","Geen uitval"
"1144","4346170","Leenstelsel","Geen uitval"
"1145","4346321","Leenstelsel","Uitval"
"1146","4347190","Leenstelsel","Geen uitval"
"1147","4347206","Leenstelsel","Geen uitval"
"1148","4347643","Leenstelsel","Uitval"
"1149","4347877","Leenstelsel","Geen uitval"
"1150","4348273","Leenstelsel","Geen uitval"
"1151","4349070","Leenstelsel","Geen uitval"
"1152","4349463","Leenstelsel","Uitval"
"1153","4349654","Leenstelsel","Uitval"
"1154","4349666","Leenstelsel","Uitval"
"1155","4349828","Leenstelsel","Uitval"
"1156","4349830","Leenstelsel","Uitval"
"1157","4349977","Leenstelsel","Geen uitval"
"1158","4350289","Leenstelsel","Uitval"
"1159","4350966","Leenstelsel","Uitval"
"1160","4351279","Leenstelsel","Geen uitval"
"1161","4351725","Leenstelsel","Uitval"
"1162","4351986","Leenstelsel","Uitval"
"1163","4352415","Leenstelsel","Geen uitval"
"1164","4352452","Leenstelsel","Geen uitval"
"1165","4352564","Leenstelsel","Geen uitval"
"1166","4352740","Leenstelsel","Geen uitval"
"1167","4352838","Leenstelsel","Geen uitval"
"1168","4352924","Leenstelsel","Uitval"
"1169","4352927","Leenstelsel","Uitval"
"1170","4352972","Leenstelsel","Uitval"
"1171","4353031","Leenstelsel","Uitval"
"1172","4353051","Leenstelsel","Geen uitval"
"1173","4353238","Leenstelsel","Uitval"
"1174","4353394","Leenstelsel","Uitval"
"1175","4353614","Leenstelsel","Geen uitval"
"1176","4353923","Leenstelsel","Geen uitval"
"1177","4354349","Leenstelsel","Uitval"
"1178","4354633","Leenstelsel","Geen uitval"
"1179","4354766","Leenstelsel","Geen uitval"
"1180","4355277","Leenstelsel","Uitval"
"1181","4355408","Leenstelsel","Geen uitval"
"1182","4355443","Leenstelsel","Uitval"
"1183","4355568","Leenstelsel","Uitval"
"1184","4356320","Leenstelsel","Uitval"
"1185","4356595","Leenstelsel","Geen uitval"
"1186","4356657","Leenstelsel","Uitval"
"1187","4356680","Leenstelsel","Uitval"
"1188","4357034","Leenstelsel","Geen uitval"
"1189","4358441","Leenstelsel","Geen uitval"
"1190","4359203","Leenstelsel","Uitval"
"1191","4359790","Leenstelsel","Geen uitval"
"1192","4360378","Leenstelsel","Geen uitval"
"1193","4360555","Leenstelsel","Uitval"
"1194","4360895","Leenstelsel","Uitval"
"1195","4361020","Leenstelsel","Uitval"
"1196","4361119","Leenstelsel","Geen uitval"
"1197","4361485","Leenstelsel","Geen uitval"
"1198","4361504","Leenstelsel","Uitval"
"1199","4361906","Leenstelsel","Geen uitval"
"1200","4362106","Leenstelsel","Geen uitval"
"1201","4362237","Leenstelsel","Uitval"
"1202","4362398","Leenstelsel","Uitval"
"1203","4362824","Leenstelsel","Geen uitval"
"1204","4362876","Leenstelsel","Geen uitval"
"1205","4363548","Leenstelsel","Uitval"
"1206","4364045","Leenstelsel","Geen uitval"
"1207","4364098","Leenstelsel","Geen uitval"
"1208","4364287","Leenstelsel","Uitval"
"1209","4364334","Leenstelsel","Geen uitval"
"1210","4364554","Leenstelsel","Uitval"
"1211","4364847","Leenstelsel","Uitval"
"1212","4365177","Leenstelsel","Geen uitval"
"1213","4365481","Leenstelsel","Uitval"
"1214","4365980","Leenstelsel","Uitval"
"1215","4367324","Leenstelsel","Uitval"
"1216","4367815","Leenstelsel","Uitval"
"1217","4367866","Leenstelsel","Geen uitval"
"1218","4368210","Leenstelsel","Geen uitval"
"1219","4368537","Leenstelsel","Uitval"
"1220","4368661","Leenstelsel","Geen uitval"
"1221","4368859","Leenstelsel","Geen uitval"
"1222","4368953","Leenstelsel","Geen uitval"
"1223","4369186","Leenstelsel","Geen uitval"
"1224","4369215","Leenstelsel","Geen uitval"
"1225","4369545","Leenstelsel","Geen uitval"
"1226","4369950","Leenstelsel","Geen uitval"
"1227","4370405","Leenstelsel","Uitval"
"1228","4371110","Leenstelsel","Uitval"
"1229","4371776","Leenstelsel","Geen uitval"
"1230","4372023","Leenstelsel","Uitval"
"1231","4372931","Leenstelsel","Geen uitval"
"1232","4372983","Leenstelsel","Geen uitval"
"1233","4374356","Leenstelsel","Uitval"
"1234","4374375","Leenstelsel","Uitval"
"1235","4374893","Leenstelsel","Geen uitval"
"1236","4375336","Leenstelsel","Geen uitval"
"1237","4375780","Leenstelsel","Geen uitval"
"1238","4376615","Leenstelsel","Geen uitval"
"1239","4376762","Leenstelsel","Geen uitval"
"1240","4377166","Leenstelsel","Geen uitval"
"1241","4377258","Leenstelsel","Uitval"
"1242","4377661","Leenstelsel","Uitval"
"1243","4377750","Leenstelsel","Geen uitval"
"1244","4377961","Leenstelsel","Geen uitval"
"1245","4377989","Leenstelsel","Geen uitval"
"1246","4377995","Leenstelsel","Uitval"
"1247","4378467","Leenstelsel","Uitval"
"1248","4378678","Leenstelsel","Uitval"
"1249","4379220","Leenstelsel","Geen uitval"
"1250","4379398","Leenstelsel","Geen uitval"
"1251","4379644","Leenstelsel","Geen uitval"
"1252","4380989","Leenstelsel","Uitval"
"1253","4381555","Leenstelsel","Geen uitval"
"1254","4382149","Leenstelsel","Geen uitval"
"1255","4382184","Leenstelsel","Geen uitval"
"1256","4382244","Leenstelsel","Geen uitval"
"1257","4382677","Leenstelsel","Geen uitval"
"1258","4382693","Leenstelsel","Geen uitval"
"1259","4382748","Leenstelsel","Geen uitval"
"1260","4383093","Leenstelsel","Geen uitval"
"1261","4383279","Leenstelsel","Geen uitval"
"1262","4383456","Leenstelsel","Geen uitval"
"1263","4383720","Leenstelsel","Geen uitval"
"1264","4384120","Leenstelsel","Geen uitval"
"1265","4384824","Leenstelsel","Geen uitval"
"1266","4385107","Leenstelsel","Geen uitval"
"1267","4385402","Leenstelsel","Uitval"
"1268","4385524","Leenstelsel","Uitval"
"1269","4385694","Leenstelsel","Uitval"
"1270","4385727","Leenstelsel","Uitval"
"1271","4386377","Leenstelsel","Uitval"
"1272","4386864","Leenstelsel","Uitval"
"1273","4386921","Leenstelsel","Geen uitval"
"1274","4387012","Leenstelsel","Geen uitval"
"1275","4387779","Leenstelsel","Uitval"
"1276","4388543","Leenstelsel","Geen uitval"
"1277","4388556","Leenstelsel","Geen uitval"
"1278","4389164","Leenstelsel","Geen uitval"
"1279","4389869","Leenstelsel","Uitval"
"1280","4390276","Leenstelsel","Uitval"
"1281","4390294","Leenstelsel","Geen uitval"
"1282","4390544","Leenstelsel","Uitval"
"1283","4390900","Leenstelsel","Geen uitval"
"1284","4391540","Leenstelsel","Uitval"
"1285","4391739","Leenstelsel","Geen uitval"
"1286","4392319","Leenstelsel","Uitval"
"1287","4392685","Leenstelsel","Geen uitval"
"1288","4392873","Leenstelsel","Uitval"
"1289","4392906","Leenstelsel","Uitval"
"1290","4392977","Leenstelsel","Geen uitval"
"1291","4393432","Leenstelsel","Uitval"
"1292","4393859","Leenstelsel","Geen uitval"
"1293","4393907","Leenstelsel","Uitval"
"1294","4394253","Leenstelsel","Uitval"
"1295","4394588","Leenstelsel","Uitval"
"1296","4395379","Leenstelsel","Uitval"
"1297","4395499","Leenstelsel","Uitval"
"1298","4396011","Leenstelsel","Geen uitval"
"1299","4396629","Leenstelsel","Geen uitval"
"1300","4396913","Leenstelsel","Geen uitval"
"1301","4396917","Leenstelsel","Geen uitval"
"1302","4397008","Leenstelsel","Geen uitval"
"1303","4397528","Leenstelsel","Geen uitval"
"1304","4397852","Leenstelsel","Geen uitval"
"1305","4398399","Leenstelsel","Uitval"
"1306","4398605","Leenstelsel","Uitval"
"1307","4398609","Leenstelsel","Uitval"
"1308","4398793","Leenstelsel","Geen uitval"
"1309","4399072","Leenstelsel","Geen uitval"
"1310","4399490","Leenstelsel","Geen uitval"
"1311","4399563","Leenstelsel","Uitval"
"1312","4399653","Leenstelsel","Uitval"
"1313","4399729","Leenstelsel","Geen uitval"
"1314","4399778","Leenstelsel","Geen uitval"
"1315","4400594","Leenstelsel","Geen uitval"
"1316","4401490","Leenstelsel","Uitval"
"1317","4401519","Leenstelsel","Geen uitval"
"1318","4401548","Leenstelsel","Geen uitval"
"1319","4401959","Leenstelsel","Uitval"
"1320","4402184","Leenstelsel","Uitval"
"1321","4402561","Leenstelsel","Geen uitval"
"1322","4402628","Leenstelsel","Geen uitval"
"1323","4402652","Leenstelsel","Geen uitval"
"1324","4402977","Leenstelsel","Geen uitval"
"1325","4403985","Leenstelsel","Geen uitval"
"1326","4404022","Leenstelsel","Geen uitval"
"1327","4404582","Leenstelsel","Uitval"
"1328","4404620","Leenstelsel","Geen uitval"
"1329","4404834","Leenstelsel","Geen uitval"
"1330","4405446","Leenstelsel","Geen uitval"
"1331","4405614","Leenstelsel","Uitval"
"1332","4406085","Leenstelsel","Uitval"
"1333","4406107","Leenstelsel","Geen uitval"
"1334","4406221","Leenstelsel","Geen uitval"
"1335","4406474","Leenstelsel","Uitval"
"1336","4407151","Leenstelsel","Geen uitval"
"1337","4407666","Leenstelsel","Uitval"
"1338","4407889","Leenstelsel","Geen uitval"
"1339","4407933","Leenstelsel","Uitval"
"1340","4408217","Leenstelsel","Uitval"
"1341","4408840","Leenstelsel","Geen uitval"
"1342","4408997","Leenstelsel","Uitval"
"1343","4409006","Leenstelsel","Geen uitval"
"1344","4410135","Leenstelsel","Geen uitval"
"1345","4410372","Leenstelsel","Uitval"
"1346","4410488","Leenstelsel","Geen uitval"
"1347","4410564","Leenstelsel","Geen uitval"
"1348","4410618","Leenstelsel","Uitval"
"1349","4410988","Leenstelsel","Uitval"
"1350","4411240","Leenstelsel","Geen uitval"
"1351","4411618","Leenstelsel","Geen uitval"
"1352","4411735","Leenstelsel","Geen uitval"
"1353","4411860","Leenstelsel","Uitval"
"1354","4411949","Leenstelsel","Geen uitval"
"1355","4412457","Leenstelsel","Geen uitval"
"1356","4412937","Leenstelsel","Uitval"
"1357","4413665","Leenstelsel","Uitval"
"1358","4413671","Leenstelsel","Geen uitval"
"1359","4414027","Leenstelsel","Geen uitval"
"1360","4414341","Leenstelsel","Geen uitval"
"1361","4414459","Leenstelsel","Uitval"
"1362","4414493","Leenstelsel","Uitval"
"1363","4414516","Leenstelsel","Uitval"
"1364","4414538","Leenstelsel","Uitval"
"1365","4414886","Leenstelsel","Uitval"
"1366","4415057","Leenstelsel","Geen uitval"
"1367","4415101","Leenstelsel","Geen uitval"
"1368","4415252","Leenstelsel","Uitval"
"1369","4415341","Leenstelsel","Uitval"
"1370","4415387","Leenstelsel","Geen uitval"
"1371","4416408","Leenstelsel","Uitval"
"1372","4416638","Leenstelsel","Uitval"
"1373","4418381","Leenstelsel","Uitval"
"1374","4418668","Leenstelsel","Uitval"
"1375","4419304","Leenstelsel","Uitval"
"1376","4419667","Leenstelsel","Uitval"
"1377","4419835","Leenstelsel","Uitval"
"1378","4419836","Leenstelsel","Uitval"
"1379","4421624","Leenstelsel","Uitval"
"1380","4421788","Leenstelsel","Geen uitval"
"1381","4421902","Leenstelsel","Geen uitval"
"1382","4422147","Leenstelsel","Uitval"
"1383","4422453","Leenstelsel","Geen uitval"
"1384","4423431","Leenstelsel","Uitval"
"1385","4423622","Leenstelsel","Uitval"
"1386","4423670","Leenstelsel","Uitval"
"1387","4423977","Leenstelsel","Uitval"
"1388","4424144","Leenstelsel","Uitval"
"1389","4424180","Leenstelsel","Uitval"
"1390","4424503","Leenstelsel","Geen uitval"
"1391","4424549","Leenstelsel","Geen uitval"
"1392","4424640","Leenstelsel","Uitval"
"1393","4425660","Leenstelsel","Uitval"
"1394","4426084","Leenstelsel","Uitval"
"1395","4426202","Leenstelsel","Geen uitval"
"1396","4426467","Leenstelsel","Uitval"
"1397","4427811","Leenstelsel","Geen uitval"
"1398","4427821","Leenstelsel","Geen uitval"
"1399","4428004","Leenstelsel","Uitval"
"1400","4428465","Leenstelsel","Uitval"
"1401","4428526","Leenstelsel","Geen uitval"
"1402","4428647","Leenstelsel","Uitval"
"1403","4428661","Leenstelsel","Uitval"
"1404","4428823","Leenstelsel","Geen uitval"
"1405","4429459","Leenstelsel","Geen uitval"
"1406","4429862","Leenstelsel","Geen uitval"
"1407","4430102","Leenstelsel","Uitval"
"1408","4430763","Leenstelsel","Uitval"
"1409","4431182","Leenstelsel","Uitval"
"1410","4431379","Leenstelsel","Geen uitval"
"1411","4432179","Leenstelsel","Uitval"
"1412","4432248","Leenstelsel","Uitval"
"1413","4432432","Leenstelsel","Uitval"
"1414","4432564","Leenstelsel","Uitval"
"1415","4432772","Leenstelsel","Geen uitval"
"1416","4433201","Leenstelsel","Geen uitval"
"1417","4434157","Leenstelsel","Geen uitval"
"1418","4434319","Leenstelsel","Geen uitval"
"1419","4434348","Leenstelsel","Uitval"
"1420","4434596","Leenstelsel","Geen uitval"
"1421","4435667","Leenstelsel","Geen uitval"
"1422","4436440","Leenstelsel","Geen uitval"
"1423","4436522","Leenstelsel","Uitval"
"1424","4436688","Leenstelsel","Geen uitval"
"1425","4437024","Leenstelsel","Uitval"
"1426","4437192","Leenstelsel","Geen uitval"
"1427","4437414","Leenstelsel","Uitval"
"1428","4437502","Leenstelsel","Geen uitval"
"1429","4437875","Leenstelsel","Uitval"
"1430","4437972","Leenstelsel","Uitval"
"1431","4438182","Leenstelsel","Geen uitval"
"1432","4438322","Leenstelsel","Geen uitval"
"1433","4438453","Leenstelsel","Uitval"
"1434","4438537","Leenstelsel","Uitval"
"1435","4438886","Leenstelsel","Uitval"
"1436","4438974","Leenstelsel","Geen uitval"
"1437","4439172","Leenstelsel","Geen uitval"
"1438","4439424","Leenstelsel","Geen uitval"
"1439","4439679","Leenstelsel","Uitval"
"1440","4439879","Leenstelsel","Geen uitval"
"1441","4440056","Leenstelsel","Uitval"
"1442","4440103","Leenstelsel","Geen uitval"
"1443","4440643","Leenstelsel","Uitval"
"1444","4441174","Leenstelsel","Geen uitval"
"1445","4441235","Leenstelsel","Uitval"
"1446","4441529","Leenstelsel","Geen uitval"
"1447","4441834","Leenstelsel","Geen uitval"
"1448","4442218","Leenstelsel","Geen uitval"
"1449","4442936","Leenstelsel","Geen uitval"
"1450","4443967","Leenstelsel","Geen uitval"
"1451","4444008","Leenstelsel","Geen uitval"
"1452","4444520","Leenstelsel","Uitval"
"1453","4444756","Leenstelsel","Geen uitval"
"1454","4444908","Leenstelsel","Geen uitval"
"1455","4445155","Leenstelsel","Geen uitval"
"1456","4445468","Leenstelsel","Uitval"
"1457","4445567","Leenstelsel","Geen uitval"
"1458","4445657","Leenstelsel","Geen uitval"
"1459","4447778","Leenstelsel","Uitval"
"1460","4447999","Leenstelsel","Uitval"
"1461","4448402","Leenstelsel","Geen uitval"
"1462","4448430","Leenstelsel","Geen uitval"
"1463","4448468","Leenstelsel","Uitval"
"1464","4448882","Leenstelsel","Uitval"
"1465","4448892","Leenstelsel","Uitval"
"1466","4449407","Leenstelsel","Geen uitval"
"1467","4449498","Leenstelsel","Geen uitval"
"1468","4450046","Leenstelsel","Geen uitval"
"1469","4450107","Leenstelsel","Geen uitval"
"1470","4450399","Leenstelsel","Uitval"
"1471","4450574","Leenstelsel","Geen uitval"
"1472","4451001","Leenstelsel","Geen uitval"
"1473","4451889","Leenstelsel","Geen uitval"
"1474","4452345","Leenstelsel","Uitval"
"1475","4452425","Leenstelsel","Uitval"
"1476","4452581","Leenstelsel","Uitval"
"1477","4452736","Leenstelsel","Geen uitval"
"1478","4452781","Leenstelsel","Geen uitval"
"1479","4452867","Leenstelsel","Uitval"
"1480","4453252","Leenstelsel","Uitval"
"1481","4453494","Leenstelsel","Geen uitval"
"1482","4453644","Leenstelsel","Geen uitval"
"1483","4454209","Leenstelsel","Geen uitval"
"1484","4454255","Leenstelsel","Geen uitval"
"1485","4454333","Leenstelsel","Geen uitval"
"1486","4454473","Leenstelsel","Geen uitval"
"1487","4454486","Leenstelsel","Uitval"
"1488","4455266","Leenstelsel","Geen uitval"
"1489","4455403","Leenstelsel","Geen uitval"
"1490","4455636","Leenstelsel","Uitval"
"1491","4455707","Leenstelsel","Geen uitval"
"1492","4455726","Leenstelsel","Uitval"
"1493","4455802","Leenstelsel","Geen uitval"
"1494","4456171","Leenstelsel","Uitval"
"1495","4456347","Leenstelsel","Uitval"
"1496","4456602","Leenstelsel","Uitval"
"1497","4456613","Leenstelsel","Uitval"
"1498","4456888","Leenstelsel","Geen uitval"
"1499","4458168","Leenstelsel","Geen uitval"
"1500","4458353","Leenstelsel","Uitval"
"1501","4459450","Leenstelsel","Geen uitval"
"1502","4459495","Leenstelsel","Geen uitval"
"1503","4459593","Leenstelsel","Uitval"
"1504","4459867","Leenstelsel","Geen uitval"
"1505","4460053","Leenstelsel","Uitval"
"1506","4460179","Leenstelsel","Geen uitval"
"1507","4460677","Leenstelsel","Uitval"
"1508","4461016","Leenstelsel","Geen uitval"
"1509","4461133","Leenstelsel","Geen uitval"
"1510","4461562","Leenstelsel","Uitval"
"1511","4461802","Leenstelsel","Uitval"
"1512","4461866","Leenstelsel","Geen uitval"
"1513","4462067","Leenstelsel","Uitval"
"1514","4462177","Leenstelsel","Geen uitval"
"1515","4462593","Leenstelsel","Geen uitval"
"1516","4463599","Leenstelsel","Geen uitval"
"1517","4463908","Leenstelsel","Geen uitval"
"1518","4463946","Leenstelsel","Uitval"
"1519","4464368","Leenstelsel","Geen uitval"
"1520","4464372","Leenstelsel","Uitval"
"1521","4464597","Leenstelsel","Uitval"
"1522","4464990","Leenstelsel","Uitval"
"1523","4465058","Leenstelsel","Uitval"
"1524","4465496","Leenstelsel","Geen uitval"
"1525","4465514","Leenstelsel","Uitval"
"1526","4466319","Leenstelsel","Geen uitval"
"1527","4466325","Leenstelsel","Uitval"
"1528","4466642","Leenstelsel","Uitval"
"1529","4466841","Leenstelsel","Geen uitval"
"1530","4466847","Leenstelsel","Geen uitval"
"1531","4466882","Leenstelsel","Uitval"
"1532","4466919","Leenstelsel","Geen uitval"
"1533","4467177","Leenstelsel","Geen uitval"
"1534","4467837","Leenstelsel","Uitval"
"1535","4468204","Leenstelsel","Uitval"
"1536","4468613","Leenstelsel","Uitval"
"1537","4468795","Leenstelsel","Uitval"
"1538","4469263","Leenstelsel","Uitval"
"1539","4469302","Leenstelsel","Geen uitval"
"1540","4469433","Leenstelsel","Uitval"
"1541","4469450","Leenstelsel","Geen uitval"
"1542","4470315","Leenstelsel","Uitval"
"1543","4470474","Leenstelsel","Geen uitval"
"1544","4470625","Leenstelsel","Uitval"
"1545","4471066","Leenstelsel","Geen uitval"
"1546","4471354","Leenstelsel","Uitval"
"1547","4472261","Leenstelsel","Uitval"
"1548","4472812","Leenstelsel","Uitval"
"1549","4472906","Leenstelsel","Uitval"
"1550","4473286","Leenstelsel","Geen uitval"
"1551","4473587","Leenstelsel","Uitval"
"1552","4473878","Leenstelsel","Geen uitval"
"1553","4474425","Leenstelsel","Geen uitval"
"1554","4474795","Leenstelsel","Geen uitval"
"1555","4475171","Leenstelsel","Uitval"
"1556","4475251","Leenstelsel","Geen uitval"
"1557","4475382","Leenstelsel","Geen uitval"
"1558","4475633","Leenstelsel","Uitval"
"1559","4475661","Leenstelsel","Geen uitval"
"1560","4475894","Leenstelsel","Uitval"
"1561","4476592","Leenstelsel","Uitval"
"1562","4478280","Leenstelsel","Uitval"
"1563","4478997","Leenstelsel","Geen uitval"
"1564","4479856","Leenstelsel","Uitval"
"1565","4480183","Leenstelsel","Uitval"
"1566","4480407","Leenstelsel","Geen uitval"
"1567","4480496","Leenstelsel","Geen uitval"
"1568","4480862","Leenstelsel","Geen uitval"
"1569","4481032","Leenstelsel","Geen uitval"
"1570","4481497","Leenstelsel","Uitval"
"1571","4481798","Leenstelsel","Uitval"
"1572","4481911","Leenstelsel","Geen uitval"
"1573","4482433","Leenstelsel","Uitval"
"1574","4482706","Leenstelsel","Geen uitval"
"1575","4483478","Leenstelsel","Uitval"
"1576","4483608","Leenstelsel","Uitval"
"1577","4483839","Leenstelsel","Geen uitval"
"1578","4485162","Leenstelsel","Uitval"
"1579","4485345","Leenstelsel","Geen uitval"
"1580","4486117","Leenstelsel","Uitval"
"1581","4486249","Leenstelsel","Geen uitval"
"1582","4486457","Leenstelsel","Uitval"
"1583","4486676","Leenstelsel","Geen uitval"
"1584","4486824","Leenstelsel","Geen uitval"
"1585","4487280","Leenstelsel","Geen uitval"
"1586","4487476","Leenstelsel","Uitval"
"1587","4487533","Leenstelsel","Geen uitval"
"1588","4487717","Leenstelsel","Geen uitval"
"1589","4487960","Leenstelsel","Geen uitval"
"1590","4488275","Leenstelsel","Uitval"
"1591","4488509","Leenstelsel","Uitval"
"1592","4488651","Leenstelsel","Uitval"
"1593","4488936","Leenstelsel","Uitval"
"1594","4489783","Leenstelsel","Uitval"
"1595","4489907","Leenstelsel","Uitval"
"1596","4489925","Leenstelsel","Uitval"
"1597","4490360","Leenstelsel","Geen uitval"
"1598","4491031","Leenstelsel","Geen uitval"
"1599","4491047","Leenstelsel","Geen uitval"
"1600","4491074","Leenstelsel","Uitval"
"1601","4491251","Leenstelsel","Uitval"
"1602","4491648","Leenstelsel","Uitval"
"1603","4491882","Leenstelsel","Geen uitval"
"1604","4492020","Leenstelsel","Uitval"
"1605","4492184","Leenstelsel","Geen uitval"
"1606","4492498","Leenstelsel","Geen uitval"
"1607","4492537","Leenstelsel","Geen uitval"
"1608","4492741","Leenstelsel","Geen uitval"
"1609","4493106","Leenstelsel","Uitval"
"1610","4493138","Leenstelsel","Uitval"
"1611","4493225","Leenstelsel","Geen uitval"
"1612","4493358","Leenstelsel","Uitval"
"1613","4493439","Leenstelsel","Geen uitval"
"1614","4493577","Leenstelsel","Uitval"
"1615","4493774","Leenstelsel","Uitval"
"1616","4494127","Leenstelsel","Uitval"
"1617","4494294","Leenstelsel","Geen uitval"
"1618","4494303","Leenstelsel","Geen uitval"
"1619","4494642","Leenstelsel","Geen uitval"
"1620","4495250","Leenstelsel","Geen uitval"
"1621","4495807","Leenstelsel","Geen uitval"
"1622","4495811","Leenstelsel","Geen uitval"
"1623","4496650","Leenstelsel","Geen uitval"
"1624","4496663","Leenstelsel","Geen uitval"
"1625","4496726","Leenstelsel","Uitval"
"1626","4496952","Leenstelsel","Geen uitval"
"1627","4497196","Leenstelsel","Uitval"
"1628","4497280","Leenstelsel","Uitval"
"1629","4497450","Leenstelsel","Uitval"
"1630","4497730","Leenstelsel","Uitval"
"1631","4498419","Leenstelsel","Uitval"
"1632","4498712","Leenstelsel","Uitval"
"1633","4499005","Leenstelsel","Geen uitval"
"1634","4499591","Leenstelsel","Geen uitval"
